ノマゲ帯,ハード帯,ver,曲名,BPM,ノーツ数,譜面傾向,属性,適正CPI_EC,適正CPI_CL
未定,未定,30,CUE CUE RESCUE(L),160,1549,同時押し,NOTES,,
未定,未定,21,HYENA(L),178,1894,CN・MSS・BSS・連皿・トリル,NOTES,,
未定,未定,32,Mid-Corner (Magic Maker),165,1611,CN・BSS・連皿,NOTES,,
未定,未定,25,Nothing but Theory(L),160,1890,同時押し・二重階段・BSS,NOTES,,
未定,未定,19,蛇神(L),170,1904,HCN・二重トリル・階段,CHARGE,,
未定,未定,28,新宝島(L),165,1790,CN・乱打,CHARGE,,
未定,未定,32,天使のカンタータ -Cantata of Angels-,158,2205,CN・坂譜面・物量,PEAK,,
未定,未定,31,フォニイ(L),170,1975,同時押し,CHORD,,
未定,未定,29,烽火連天の刃(L),190,2279,CN・BSS・軸・連打・物量,CHARGE,,
地力S+,地力S+,30,Beyond Evolution,185,2216,HCN・連皿トリル・縦連,PEAK,1794.87,1914.09
地力S+,地力S+,25,DEATH†ZIGOQ ～怒りの高速爆走野郎～(L),200,2459,HCN・皿複合・トリル・物量,NOTES,,
地力S+,地力S+,24,GuNGNiR(L),222,2443,物量・連皿,NOTES,1879.35,1969.96
地力S+,地力S+,20,Illegal Function Call(L),260,2023,高密度・縦連,PEAK,1854.14,1937.03
地力S+,地力S+,14,KAMAITACHI(L),165,2000,連皿・トリル,PEAK,1806.31,1867.12
地力S+,地力S+,24,Mare Nectaris,256,2094,高密度・縦連・坂譜面・ラス殺し,PEAK,1923.66,1987.66
地力S+,地力S+,29,n/a,85-255(170),1867,BSS・MSS・ソフラン,SOF-LAN,1840.03,1913.10
地力S+,地力S+,21,Sigmund(L),200,2267,CN・二重階段・連皿・ラス殺し,NOTES,1780.48,1820.00
地力S+,地力S+,30,Somnidiscotheque,115,1776,CN・高密度,CHARGE,1908.60,1981.40
地力S+,地力S+,19,The Limbo(L),200,2190,物量・デニム,PEAK,1899.28,1935.81
地力S+,地力S+,21,Verflucht(L),180,2401,CN・BSS・超高密度乱打・二重階段・皿,NOTES,1791.69,1858.79
地力S+,地力S+,21,疾風迅雷(L),180,1824,CN・皿・終盤発狂,PEAK,1834.18,1902.87
地力S+,地力S+,16,卑弥呼,82-185(185),2119,階段・二重階段・軸押し・連続縦連・トリル・ソフラン,PEAK,1771.65,1884.84
地力S+,地力S+,31,惑星鉄道,10-166(157),1633,ソフラン・CN・BSS・疑似停止,SOF-LAN,1904.46,1971.68
個人差S+,個人差S+,19,DIAVOLO,160,1745,高速トリル・坂譜面・ラス殺し,PEAK,1751.32,1809.26
個人差S+,個人差S+,20,Plan 8,212,1690,高速連皿・ラス殺し,SCRATCH,1780.30,1818.77
個人差S+,個人差S+,29,RAGE feat.H14 of LEONAIR,166,1886,MSS・連皿,SCRATCH,1729.11,1859.33
個人差S+,個人差S+,24,SAMURAI-Scramble(L),150,1576,連皿,SCRATCH,1885.24,2020.22
個人差S+,個人差S+,23,灼熱 Pt.2 Long Train Running,165,1804,連皿,SCRATCH,1823.46,1941.00
個人差S+,個人差S+,18,灼熱Beach Side Bunny,153,1719,連皿・トリル,SCRATCH,1716.81,1846.43
地力S,地力S,29,Binary Black Hole,190,2000,CN,PEAK,1692.20,1739.23
地力S,地力S,26,Carmina,195,2000,階段・縦連打・CN・発狂・ラス殺し,CHARGE,1730.56,1787.49
地力S,地力S+,22,Chrono Diver -PENDULUMs-,196,2222,物量・デニム・トリル・二重階段,NOTES,1723.65,1785.47
地力S,地力S,20,Confiserie,185,1833,二重階段・終盤発狂・ラス殺し,PEAK,1694.05,1752.93
地力S,地力S,18,Dances with Snow Fairies(L),154,2135,CN・物量・微縦連,PEAK,1703.15,1786.98
地力S,地力S,20,Elemental Creation,212,2130,同時押し・二重乱打・軸・高速皿・縦連,CHORD,1725.45,1776.39
地力S,地力S,25,EMERALDAS,88-176(176),1833,HCN・HBSS・トリル・ソフラン・連皿・終盤難,PEAK,1695.33,1771.44
地力S,地力S,27,Everlasting Message,230,1970,CN,CHARGE,1690.46,1763.90
地力S,地力S+,24,Go Ahead!!,200,1413,中盤発狂・終盤易化,PEAK,1740.88,1834.29
地力S,地力S,26,GO OVER WITH GLARE -ROOTAGE 26-,170,2000,皿絡み・発狂・ラス殺し,CHORD,1728.44,1742.07
地力S,地力S,29,hard-wired,208,1901,HCN・終盤難,PEAK,1736.78,1796.35
地力S,地力S+,15,ICARUS(L),126-251(176),2000,ソフラン・中盤難・乱打・トリル,SOF-LAN,1789.67,1917.09
地力S,地力S+,21,KAISER PHOENIX(L),170,2026,高密度・二重階段・縦連打,NOTES,1753.59,1805.78
地力S,地力S,27,Lost Souls(L),185,2000,物量・トリル,NOTES,1782.03,1822.99
地力S,地力S,28,MEGAERA,206,1790,CN,PEAK,1698.49,1757.18
地力S,地力S,27,Override(L),175,2204,物量・皿複合,CHORD,1689.01,1725.86
地力S,地力S,18,perditus†paradisus,172,2065,CN・階段・ラス殺し,NOTES,1723.84,1762.84
地力S,地力S,19,Phoenix(L),176,2027,BSS・高密度,NOTES,1770.25,1810.59
地力S,地力S,21,Sigmund,200,2029,CN・階段・連皿・ラス殺し,NOTES,1674.41,1714.74
地力S,地力S+,28,Sinus Iridum,128-256(128),1803,CN・ソフラン,CHARGE,1781.06,1892.81
地力S,地力S,14,TRANOID(L),130-190(130),1546,CN・ソフラン,NOTES,1745.06,1795.35
地力S,地力S,30,Xerulean,182,1802,HBSS・連皿・デニム・ラス殺し,PEAK,1723.38,1774.81
地力S,地力S,30,栄冠のカンパネラ,185,2000,CN・高密度,CHARGE,1689.00,1764.98
地力S,地力S,23,駅猫のワルツ,282,1558,高速階段・ラス殺し,NOTES,1664.38,1739.08
地力S,地力S,24,焔極OVERKILL,192,1901,連皿,NOTES,1675.25,1729.80
地力S,地力S,20,お米の美味しい炊き方、そしてお米を食べることによるその効果。(L),190,1907,トリル,NOTES,1700.91,1757.20
地力S,地力S+,26,X-DEN,200,2220,中盤発狂・トリル・デニム・連皿・HARD地雷,PEAK,1815.12,1924.37
地力S,地力S,22,共鳴遊戯の華,190,2000,CN,CHARGE,1633.30,1689.33
地力S,地力A+,22,千年ノ理(L),153,2183,CN,CHORD,1672.60,1702.72
地力S,地力S,21,IX,198,2007,階段・二重階段・CN・BSS・連皿・ラス殺し,NOTES,1699.25,1746.65
地力S,地力S,13,嘆きの樹,160,2000,繰り返し乱打・同時押し・デニム発狂・螺旋階段発狂・後半難,PEAK,1655.63,1709.61
地力S,地力S,22,表裏一体！？怪盗いいんちょの悩み(L),165,2334,連皿複合・物量,CHORD,1684.85,1747.74
個人差S,地力S,24,BroGamer(L),207,2383,皿複合・同時押し・物量,CHORD,1641.35,1716.35
個人差S,地力S+,27,EROICA,200,2040,HCN・極短CN,PEAK,1688.73,1815.34
個人差S,個人差S+,31,Level 5,185,1937,連皿・CN・BSS・トリル,SCRATCH,1797.85,1898.72
個人差S,個人差S,27,Lords Of The Roundtable,174,1586,HCN・BSS・連皿,SCRATCH,1603.30,1711.34
個人差S,個人差S,15,Time to Air(L),191,1888,同時押し・連皿・ラス殺し,CHORD,1781.88,1825.54
個人差S,個人差S+,20,Timepiece phase II (CN Ver.),287,1546,CN・縦連,CHARGE,1664.46,1736.55
個人差S,個人差S,29,WHA,108,1946,HBSS・HCN・連皿,SCRATCH,1642.89,1755.94
個人差S,地力S+,28,ディスコルディア,180-280(280),2073,CN・縦連打,CHARGE,1663.27,1772.03
地力A+,地力S,17,Almagest,178,1629,CN・BSS・階段,CHARGE,1577.26,1654.79
地力A+,地力S,31,Ambivalent Vermilia,185,2132,軸・皿複合,NOTES,1689.49,1747.11
地力A+,地力A+,21,Ancient Scapes(L),178,2198,二重トリル・階段・ラス殺し,NOTES,1611.11,1668.19
地力A+,地力A+,15,"Anisakis -somatic mutation type""Forza""-(L)",185,1971,物量・トリル・同時,CHORD,1639.22,1695.87
地力A+,地力A+,16,B4U(BEMANI FOR YOU MIX)(L),170,2360,物量・同時・皿複合,CHORD,1616.70,1674.08
地力A+,地力S,30,Bad Encryption,200,1633,CN・BSS・皿複合・連皿・軸押し,PEAK,1660.49,1735.44
地力A+,地力A+,23,Blue Spring Express,172,1728,局所難・ラス殺し,PEAK,1625.63,1672.58
地力A+,地力A+,31,CADENZA,160,2357,物量・連皿,NOTES,1607.63,1663.36
地力A+,地力A+,22,CHRONO DIVER -NORNIR-(L),185,2233,物量,CHORD,1634.01,1682.47
地力A+,個人差A+,26,CODE:0(L),125,1829,連皿・連打,PEAK,1632.66,1694.18
地力A+,地力A+,13,CONTRACT(L),180,1418,階段・ラス殺し,PEAK,1664.22,1699.06
地力A+,地力S,27,Dans la nuit de l'eternite,244,1830,高速二重階段,PEAK,1630.71,1732.03
地力A+,地力S,22,EBONY & IVORY(L),113-170(170),1887,ソフラン・トリル,NOTES,1661.21,1730.19
地力A+,個人差A+,31,Glitch N Ride,30-300(150),1389,CN・BSS・ソフラン,SOF-LAN,1628.29,1697.78
地力A+,地力S,28,Ignis†Irae,188-191(191),1970,CN,CHARGE,1661.68,1735.61
地力A+,地力A+,25,Initiation,160,2018,HCN・HBSS・乱打・縦連,CHORD,1585.58,1655.90
地力A+,地力A+,27,LIGHTNING STRIKES(L),174,2123,CN・BSS・物量,NOTES,,
地力A+,地力A+,30,LOUDER ROLLING THUNDER,180,1767,HCN・HBSS,NOTES,1610.78,1686.06
地力A+,個人差S,23,NZM,190,1783,HCN・階段,CHARGE,1575.41,1649.71
地力A+,地力A+,18,PARADISE LOST,200,1718,CN・乱打・皿・ラス殺し,CHARGE,1605.96,1662.30
地力A+,地力A+,24,Quakes,190,1654,HCN・ラス殺し,PEAK,1588.68,1634.46
地力A+,個人差S,25,REVOLVER(L),160,1731,CN,CHARGE,1623.10,1696.31
地力A+,地力A+,32,Satellite Burst,177,2000,CN・階段・二重トリル・デニム,NOTES,,
地力A+,地力S,20,Saturn(L),155,1783,縦連・ラス殺し,PEAK,1675.23,1730.21
地力A+,地力A+,27,Smashing Wedge,215,1957,BSS・ゴミ付二重トリル・後半難,NOTES,1641.27,1698.29
地力A+,個人差S,31,SOLAR ECLIPSE,195,1893,HCN・連皿,NOTES,1561.43,1671.73
地力A+,地力A+,29,SOLID WYVERN(L),165,1999,終盤難・皿絡み・BSS,NOTES,1641.65,1664.75
地力A+,地力A+,30,The Clown of 24stairs,204,1788,二重階段,NOTES,1578.58,1666.41
地力A+,地力A+,27,THE F∀UST,170,1851,ラス殺し,PEAK,1662.07,1687.43
地力A+,地力A,28,Tiempo Loco,180,1884,CN・BSS,NOTES,1625.16,1646.78
地力A+,地力S,14,VANESSA(L),185,1771,二重階段・皿,NOTES,1682.01,1750.08
地力A+,個人差S,30,VØID,80-170(164),1712,CN・BSS・MSS・ソフラン,SOF-LAN,1686.16,1764.70
地力A+,地力A+,26,voltississimo,225,1888,高速・二重配置・同時押し,NOTES,1632.98,1689.94
地力A+,地力A+,31,Vulnerability,167,1885,HCN・HBSS・連皿・終盤難,NOTES,1679.20,1730.63
地力A+,地力A+,30,［ ］DENTITY,200,2000,BSS・局所難,NOTES,1634.14,1670.69
地力A+,地力A+,27,がっつり陰キャ!? 怪盗いいんちょの億劫^^;,185,2192,皿絡み・物量,NOTES,1619.36,1677.72
地力A+,地力A+,19,恋する☆宇宙戦争っ！！(L),200,2355,CN・物量,NOTES,1609.46,1680.89
地力A+,地力A+,25,シムルグの目醒め,190,1822,皿複合・高速トリル,PEAK,1599.63,1669.51
地力A+,地力A+,28,∀,180,1802,ラス殺し,PEAK,1644.98,1673.61
地力A+,地力A+,22,超青少年ノ為ノ超多幸ナ超古典的超舞曲(L),150,2110,高密度乱打・高速トリル,NOTES,1628.05,1671.97
地力A+,地力A+,28,-65℃,186,1912,CN,NOTES,1644.85,1684.39
地力A+,地力S,21,煉獄のエルフェリア,183,2000,中盤発狂,PEAK,1633.13,1700.76
個人差A+,個人差S,19,BLACK.by X-Cross Fade,163,1738,高速皿・同時押し・ラス殺し,SCRATCH,1545.56,1640.07
個人差A+,個人差S,24,ECHIDNA,146,1775,HCN,CHARGE,1583.76,1654.27
個人差A+,地力A+,21,invoker(L),195,1851,乱打・軸・連皿・皿複合,NOTES,1599.55,1650.14
個人差A+,個人差S,28,Level 3,175,1844,BSS・連皿,SCRATCH,1611.32,1670.59
個人差A+,個人差S,30,Level 4,180,1883,連皿・皿複合・BSS・CN,SCRATCH,1595.24,1721.28
個人差A+,個人差S,26,Red. by Jack Trance,160,1862,連皿・BSS・皿複合,SCRATCH,1619.89,1726.92
個人差A+,個人差A+,22,Reflux,150,1574,CN・BSS,CHARGE,1550.25,1631.67
個人差A+,個人差A+,27,SCREW // owo // SCREW,114,1567,高速連皿,SCRATCH,1492.74,1598.77
個人差A+,個人差S,25,The Chase,142,1148,連皿・24分連皿・連皿+トリル・BSS,SCRATCH,1521.06,1672.85
個人差A+,個人差S,28,THE PEERLESS UNDER HEAVEN,170,1818,連皿,PEAK,1648.73,1741.36
個人差A+,個人差S+,20,Thor's Hammer,150,1641,皿複合・縦連・二重階段・坂譜面,PEAK,1622.42,1726.16
個人差A+,個人差S,19,TITANS RETURN(L),97-194(194),1377,HCN・ソフラン,CHARGE,1648.01,1740.25
個人差A+,個人差A+,29,TOMAHAWK,215,1830,連皿,SCRATCH,1618.46,1681.71
個人差A+,地力A+,20,Zirkfied,210,1968,乱打・デニム・縦連・ラス殺し・初見殺し,PEAK,1619.23,1659.64
個人差A+,個人差A+,23,真 地獄超特急 -HELL or HELL-,165,1727,HCN・連皿・皿複合,CHARGE,1559.12,1649.80
個人差A+,個人差S,29,"ピアノ独奏無言歌 ""灰燼""",100-200(150),1977,ソフラン,SOF-LAN,1686.14,1777.72
地力A,地力A,29,ABSOLUTE EVIL,200,1778,HCN,CHARGE,1494.53,1568.45
地力A,地力A,29,ALTERNATOR,185,1907,BSS・MSS,CHORD,1546.15,1610.90
地力A,地力A,27,Artist,165,1870,CN・縦連打,NOTES,1550.42,1619.68
地力A,地力A,17,Bad Maniacs,195,1656,軸押し・乱打,PEAK,1537.47,1599.48
地力A,地力A,27,BEAT PRISONER,155,1844,3～5本同時CN・連皿,CHARGE,1530.33,1584.24
地力A,地力A,28,BLACK or WHITE?,185,2013,CN,NOTES,1620.79,1656.20
地力A,地力A,15,Blue Rain(L),144,1702,高密度・終盤難・乱打,PEAK,1592.60,1632.85
地力A,地力A,21,Close the World feat.a☆ru(L),188,1983,高密度・二重階段,NOTES,1564.30,1632.54
地力A,地力A,28,COSMIC RAY,195,1509,CN,NOTES,1620.37,1668.07
地力A,地力A+,25,DEATH†ZIGOQ ～怒りの高速爆走野郎～,200,2075,皿複合・乱打・CN・トリル,NOTES,1597.43,1669.34
地力A,地力A,31,Demon March,174,1875,HCN・HBSS,NOTES,1566.89,1619.15
地力A,地力A,22,Despair of ELFERIA,205,2096,同時押し・二重階段・ラス殺し,CHORD,1567.64,1616.62
地力A,地力A,23,Devil's Gear,180,1793,終盤発狂,PEAK,1577.09,1624.56
地力A,地力A,24,DORNWALD ～Junge～,169,1903,縦連,PEAK,1532.67,1606.73
地力A,個人差A+,23,Dynamite,100,1953,CN・BSS・皿複合,CHORD,1521.47,1597.64
地力A,地力A+,21,Elektrick U-Phoria(L),180,2050,HCN・物量,NOTES,1603.27,1670.45
地力A,地力B+,17,EXUSIA,188,1964,乱打・軸・ラス殺し,NOTES,1555.81,1592.99
地力A,地力S+,21,Feel The Beat(L),175,2225,前半難・乱打・皿複合,PEAK,1552.03,1665.10
地力A,地力A+,15,four pieces of heaven(L),125-195(195),1518,高密度・ソフラン・低速,PEAK,1555.22,1674.98
地力A,地力B+,17,G59,170,2000,デニム・軸押し・高速小階段,CHORD,1552.91,1599.96
地力A,地力A+,13,Ganymede(L),72-82(82),1356,ズレ・階段・終盤難,PEAK,1538.94,1632.16
地力A,地力A+,24,GuNGNiR,222,2081,高速階段・皿複合,NOTES,1582.74,1664.17
地力A,地力B+,24,HADES,155,1601,同時押し・皿複合・ラス殺し,PEAK,1527.89,1588.95
地力A,地力A,19,HAERETICUS,208,1589,乱打・皿複合・全体難,PEAK,1565.04,1616.22
地力A,地力A+,21,KAISER PHOENIX,170,1693,軸・二重階段・トリル・縦連,NOTES,1570.01,1644.39
地力A,地力A,25,"Life Is A Game ft.DD""ナカタ""Metal",195,1775,ラス殺し,PEAK,1583.02,1636.90
地力A,地力A+,28,LOCUS OF THE TRAVEL,182,1920,CN・連皿,CHARGE,1552.92,1665.19
地力A,地力A,15,MENDES,168,1831,前半難・高密度発狂・皿複合,PEAK,1552.51,1613.22
地力A,地力A+,32,NOIXIA,165,2027,CN・MSS・二重階段・二重カプセル配置・X譜面,CHARGE,,
地力A,地力A,26,Painful Fate,192,1702,CN・乱打,CHARGE,1540.15,1597.99
地力A,地力A,17,quell～the seventh slave～,162,1646,局所発狂・皿複合,NOTES,1552.82,1611.00
地力A,地力A+,16,Secrets(L),150,2116,皿複合・ラス殺し,CHORD,1598.36,1660.02
地力A,地力A,17,SOLID STATE SQUAD(L),155,1868,HCN,CHORD,1562.70,1617.78
地力A,地力A,30,suspicions,153,1908,ラス殺し,NOTES,1616.20,1645.56
地力A,地力A,27,THE BRAVE MUST DIE,215,2075,CN・物量,CHORD,1559.11,1616.96
地力A,地力A,26,The Rebellion of Sequencer,300,1634,軸・局所発狂,NOTES,1574.60,1627.17
地力A,地力A,23,Triple Counter,216,2016,CN,CHORD,1526.80,1595.04
地力A,地力A,27,TRIUMPH,183,1724,CN・BSS,CHARGE,1540.37,1597.73
地力A,地力A+,21,Verflucht,180,1805,二重階段・二重トリル,NOTES,1546.34,1611.89
地力A,地力A+,23,Violet Pulse(L),134,2115,高密度・微縦連,NOTES,1553.27,1635.66
地力A,地力A,30,VOLAQUAS,212,1982,CN・BSS,NOTES,1552.10,1627.84
地力A,地力A,13,waxing and wanding(L),191,2000,物量・軸,CHORD,1611.11,1641.51
地力A,地力A,23,ZEPHYRANTHES(L),180,1982,CN・皿絡み,NOTES,1579.76,1640.36
地力A,個人差A+,25,255,255,1676,トリル・軸・皿絡み・ガチ押し,NOTES,1518.77,1617.33
地力A,個人差A+,23,紫陽花 -AZISAI-(L),155,1815,CN・BSS・MSS・二重階段・中盤難,NOTES,1549.06,1677.93
地力A,地力A+,26,お菓子の王国,190,2109,物量・ズレ・中盤発狂・終盤発狂,PEAK,1549.96,1631.89
地力A,地力A,27,俺ら東京さ行ぐだ(L),110-150(150),1874,CN・BSS・連皿・ソフラン,NOTES,1537.27,1623.62
地力A,地力B+,20,仮想空間の旅人たち(L),151,1943,終盤難,CHORD,1573.76,1592.50
地力A,地力A,27,華麗なる大犬円舞曲,60-147(142),1849,ソフラン,NOTES,1589.09,1644.62
地力A,地力A+,19,君のハートにロックオン(L),260,1828,局所難,NOTES,1592.35,1673.81
地力A,地力A,28,閠槞彁の願い,180,1613,HCN,PEAK,1553.35,1621.39
地力A,地力A+,26,金野火織の金色提言,225,1630,高速・軸・皿絡み・ラス殺し,PEAK,1581.04,1656.28
地力A,地力A,28,世界の果てに約束の凱歌を -ReUnion-,200,1983,CN・軸・ラス殺し,CHORD,1563.47,1622.40
地力A,地力A+,19,天空の夜明け,150,2072,高密度乱打・縦連,NOTES,1570.04,1623.83
地力A,地力A,28,伐折羅-vajra-,173,1877,終盤難,NOTES,1595.77,1628.44
地力A,地力A,27,ピアノ協奏曲第1番”蠍火” (BlackY Remix),160,1926,CN・ラス殺し,PEAK,1614.52,1649.81
地力A,地力A+,28,二人ノ廃城幽踊宴,280-316(290),1927,ソフラン・階段・トリル,NOTES,1562.45,1642.44
地力A,個人差A,29,烽火連天の刃,190,1771,CN,CHARGE,1518.27,1607.24
地力A,地力S+,12,冥,66-200(200),2000,階段・ソフラン・中盤加速発狂,SOF-LAN,1581.96,1667.03
個人差A,個人差B+,17,AIR RAID FROM THA UNDAGROUND(L),180,1523,トリル,PEAK,1602.11,1646.43
個人差A,個人差A+,31,Cult Invitation,164,1804,連皿・トリル,SCRATCH,1579.68,1659.63
個人差A,個人差A+,29,Don't believe the hype,210,1666,HCN・連皿,SCRATCH,1526.49,1634.65
個人差A,個人差S,26,Level One,173,1857,連皿・皿複合・CN・乱打,SCRATCH,1594.95,1702.47
個人差A,個人差S,21,Miracle 5ympho X(L),210,1551,BSS・MSS・高速連皿,SCRATCH,1481.56,1695.49
個人差A,個人差A+,29,Purple Perplex,150,1578,CN・BSS・MSS・連皿,SCRATCH,1548.06,1629.53
個人差A,地力A,12,Scripted Connection⇒ A mix(L),151,1749,対称・微縦連・ラス殺し,PEAK,1593.85,1619.23
個人差A,地力S,15,STEEL NEEDLE(L),205,1701,前半難・トリル・軸押し,PEAK,1507.41,1670.35
個人差A,地力A+,30,TECHNOPHOBIA,152,1544,中盤難,PEAK,1642.07,1704.38
個人差A,地力A,29,2 Beasts Unchained,175,1780,連皿,NOTES,1562.04,1629.57
個人差A,地力S+,16,3y3s,191,1871,序盤発狂・皿複合・二重カプセル配置・前半難,PEAK,1584.33,1678.88
個人差A,個人差A+,20,音楽,210-360(245),1487,縦連・ソフラン,SOF-LAN,1637.29,1699.47
個人差A,地力S,20,カジノファイヤーことみちゃん(L),230,1777,CN・BSS・皿絡み,NOTES,,
個人差A,個人差A+,28,バッド・スイーツ、バッド・ドリーム,220,1862,HCN・BSS・皿絡み,SCRATCH,1494.53,1603.33
個人差A,個人差A,11,ピアノ協奏曲第１番”蠍火”,165-185(185),1414,階段・皿・縦連・ラス殺し,SOF-LAN,1541.92,1634.46
地力B+,個人差A,21,ALBA-黎明-(L),165,1990,CN・BSS,CHORD,,
地力B+,地力A,25,ANCHOR,180,1835,乱打・CN,PEAK,1506.00,1580.51
地力B+,個人差A,25,Antigravity,222,1591,HBSS・高速,NOTES,1504.69,1613.74
地力B+,地力B+,25,DEADHEAT,200,1721,皿絡み,NOTES,1523.78,1584.81
地力B+,地力B+,32,Drop Syndicate,180,1861,CN・BSS・連皿・デニム,PEAK,,
地力B+,地力A,28,Empire of Fury,204,1700,皿絡み・軸,NOTES,1518.29,1599.64
地力B+,地力A,22,fallen leaves -IIDX edition-,165,1745,CN,NOTES,1517.84,1579.87
地力B+,地力B+,23,Grand Chariot,191,1775,乱打・皿複合,NOTES,1480.18,1571.40
地力B+,地力B+,29,GRAVITON,185,1762,二重トリル・終盤難,NOTES,1541.49,1590.03
地力B+,個人差A,20,JOMANDA,90-300(195),1918,ソフラン・乱打・終盤難,SOF-LAN,1539.51,1631.21
地力B+,地力A,30,kors k's How to make OTOGE CORE 「LONG」,190,1863,CN・BSS・MSS・短CN,NOTES,1476.10,1569.40
地力B+,地力A,26,Macho Monky,150,1588,リズム難・連皿・ラス殺し,PEAK,1533.33,1606.27
地力B+,地力A,15,NEW GENERATION -もう、お前しか見えない-(L),165,1895,中盤発狂・トリル,PEAK,1514.87,1627.41
地力B+,地力A,25,O/D*20(L),155,1984,CN・皿絡み・物量,NOTES,1558.34,1607.01
地力B+,地力C,10,One More Lovely,200,1452,螺旋・乱打・ラス殺し,PEAK,1510.76,1546.95
地力B+,地力B+,27,ORCA,155,1795,終盤難,NOTES,1512.13,1579.51
地力B+,地力B+,29,PLASMA SOUL NIGHT feat. Nana Takahashi / 709sec.,178,2271,物量・皿複合,CHORD,1510.96,1565.97
地力B+,地力A,31,Resonant,182,1864,HCN・HBSS・ズレ,NOTES,,
地力B+,地力B+,22,Shooting Fireball,160,1983,乱打・縦連,NOTES,1550.75,1580.63
地力B+,個人差A,24,Snakey Kung-fu,156,1751,HCN・乱打,CHARGE,1493.95,1559.75
地力B+,地力B+,23,STARLIGHT DANCEHALL(L),177,1712,連皿・皿絡み・ラス殺し,NOTES,1485.27,1562.84
地力B+,地力B+,23,StrayedCatz,303,1490,階段,PEAK,1489.87,1571.43
地力B+,地力B,20,SYNC-ANTHEM,160-166(160),1865,乱打・ソフラン・長いラス殺し,NOTES,1528.36,1567.59
地力B+,地力B,19,The Limbo,200,1701,乱打・皿複合,NOTES,1493.40,1557.20
地力B+,地力B+,22,TOXIC VIBRATION,197,1933,トリル・階段,NOTES,1491.60,1563.66
地力B+,地力B+,12,Twelfth Style(L),160,1684,乱打・連皿・デニム・対称,PEAK,1503.67,1594.41
地力B+,地力A+,26,Unbelief,135,1675,乱打・ズレ・CN,CHARGE,1522.82,1612.24
地力B+,地力B+,26,Visterhv,191,1869,乱打・終盤難,NOTES,1508.39,1559.36
地力B+,地力B+,31,Xb10r,200,1833,CN・MSS,NOTES,1478.74,1551.97
地力B+,地力B+,19,YAKSHA,190,2000,繰り返し乱打・軸,NOTES,1539.76,1596.70
地力B+,地力A,20,キャトられ恋はモ～モク,196,1988,乱打・軸・皿複合,NOTES,1511.55,1592.87
地力B+,地力A,31,今宵、ロマンス横丁。,168,1714,CN・BSS・二重階段,NOTES,1541.82,1597.79
地力B+,地力B+,30,ぞうしょく！？マイデンティティ,200,1851,CN・繰り返し乱打,NOTES,1515.79,1578.50
地力B+,地力B+,26,抱きしめてモナムール,190,2110,乱打・軸・二重階段,NOTES,1503.19,1570.55
地力B+,地力A,24,津軽雪,160,1953,縦連・局所難,PEAK,1509.55,1574.61
地力B+,地力A+,25,東京神話,196,1505,局所発狂,PEAK,1524.96,1619.84
地力B+,地力B+,20,†渚の小悪魔ラヴリィ～レイディオ†(IIDX EDIT),190,1835,乱打・同時押し・軸押し・皿複合,NOTES,1507.99,1580.50
地力B+,個人差A,21,海神(L),159,1830,CN・BSS,CHARGE,,
個人差B+,個人差A+,11,Be quiet(L),150,1463,連皿,SCRATCH,1517.85,1641.89
個人差B+,地力A,25,Boomy and The Boost,174,1826,複合・ラス殺し,CHORD,1535.49,1593.82
個人差B+,個人差A+,23,DIAMOND CROSSING,180,1585,HCN,CHARGE,1483.20,1578.92
個人差B+,個人差A+,29,GiGaGaHell,250,1687,縦連・連皿・トリル,PEAK,1522.26,1664.40
個人差B+,地力A,20,Hollywood Galaxy,186,1392,CN・階段・二重階段,CHARGE,1504.07,1581.49
個人差B+,個人差A,27,Inferno of Fomalhaut,150,1701,CN・高速二重トリル・連皿,PEAK,1519.68,1629.55
個人差B+,個人差B+,16,Marie Antoinette(L),205-248(215),1618,ソフラン・同時・階段・皿複合,CHORD,1594.18,1627.80
個人差B+,個人差A,30,Peaktime Booster,180,1663,連皿,SCRATCH,1399.71,1558.93
個人差B+,個人差A+,19,Snake Stick,145,1447,連皿・皿複合,SCRATCH,1398.85,1548.96
個人差B+,地力A,20,STULTI,90-182(182),1416,ソフラン・トリル特化,PEAK,1553.45,1614.70
個人差B+,個人差A,23,199024club -Re:BounceKiller-,143,1260,連皿・終盤難,SCRATCH,1370.80,1518.96
個人差B+,個人差A,31,"灼熱Beach Side Bunny (かめりあ's ""Summertime D'n'B"" Remix)",174,1647,連皿・連打,SCRATCH,1447.27,1586.58
個人差B+,個人差A,28,水鏡の異界,168,1661,CN・連皿,CHARGE,1501.39,1589.86
地力B,地力B,19,A MINSTREL～ver.short-scape～(L),114,1954,CN・同時押し,CHORD,,
地力B,地力B,25,AA -rebuild-,174,1820,乱打・局所発狂・デニム,NOTES,1478.61,1535.71
地力B,地力B,29,Angel's Ladder,155,1800,乱打・縦連,NOTES,1422.51,1517.98
地力B,地力B+,29,Arkadia,180,1873,皿複合・トリル,NOTES,1462.62,1547.39
地力B,地力B+,28,ASIAN VIRTUAL REALITIES (MELTING TOGETHER IN DAZZLING DARKNESS),150,1752,CN,NOTES,1431.54,1538.90
地力B,地力B,30,BIGWAVERS,177,1796,CN・BSS・トリル,CHORD,1473.34,1547.57
地力B,地力B,16,BITTER CHOCOLATE STRIKER,165,1990,同時押し・トリル・中盤発狂・ラス殺し,CHORD,1474.92,1535.16
地力B,地力B+,21,BLUE DRAGON(雷龍RemixIIDX),188,1727,同時押し・多重トリル・皿複合,CHORD,1487.31,1563.28
地力B,地力B,22,Broken Sword,160,1887,乱打・階段・二重階段・終盤難,NOTES,1503.25,1542.25
地力B,地力B+,28,Burning Flame(L),165,1938,連皿・トリル,NOTES,1451.55,1544.13
地力B,地力C,14,Candy Galy,184,1798,同時押し・階段・ラス殺し,NOTES,1465.26,1516.50
地力B,地力B,22,cinder,216,1601,CN・BSS,PEAK,1432.41,1528.59
地力B,地力B,21,Close the World feat.a☆ru,188,1739,階段・二重階段,NOTES,1420.97,1501.44
地力B,地力B,23,CODE:1 ［revision1.0.1］,145,1590,繰り返し乱打,NOTES,1461.66,1536.46
地力B,地力B,16,Colorful Cookie,180,1773,繰り返し乱打・軸・同時押し・皿・中盤発狂,PEAK,1465.82,1530.56
地力B,地力B,18,Dances with Snow Fairies,154,1623,乱打・縦連・軸・ラス殺し,PEAK,1487.54,1552.64
地力B,地力C,32,destination,175,1698,CN・トリル,NOTES,,
地力B,地力B+,20,Devilz Staircase,185,1685,壁・同時押し・終盤高密度乱打,PEAK,1471.01,1556.64
地力B,地力B+,25,DropZ-Line-,50-400(200),1648,乱打・軸・ソフラン,SOF-LAN,1470.89,1582.40
地力B,地力B+,28,DUAL STRIKER,185,1960,CN,NOTES,1463.83,1539.91
地力B,地力C,22,entelecheia,185,1657,CN・軸・終盤難,NOTES,1457.68,1517.29
地力B,地力B,29,Flying Castle,174,1877,MSS・CN,NOTES,1476.37,1543.32
地力B,地力B,26,GENE,163,2183,乱打・皿複合,NOTES,1463.26,1516.59
地力B,地力B+,22,GUILTY(L),148,1525,CN・高密度,NOTES,1492.78,1556.59
地力B,地力C,26,HARD BRAIN,155,1914,CN,NOTES,1500.57,1532.85
地力B,地力B,30,I,225,1901,CN・BSS,NOTES,1471.40,1542.35
地力B,地力B+,25,Illusionary Waterlily,180,1803,乱打・皿絡み・CN,NOTES,1503.64,1567.19
地力B,地力B+,21,INSOMNIA,195,1661,皿・螺旋階段・二重階段・全押し,CHORD,1493.47,1583.57
地力B,地力B,26,KILL EACH OTHER,162,1945,乱打・終盤難,NOTES,1503.08,1552.20
地力B,地力B+,27,LASER CRUSTER (IGNITE REMIX),174,1824,CN・BSS・連皿,NOTES,1531.41,1593.24
地力B,地力B+,32,Lightspeed,200,1606,CN・BSS,NOTES,,
地力B,地力B,12,Little Little Princess(L),180-212(212),1946,同時押し・局所難,CHORD,1492.69,1552.06
地力B,地力C,23,M4K3 1T B0UNC3,150,1546,CN・BSS,CHORD,1405.72,1477.94
地力B,個人差B+,7,MAX 300,12-300(300),1429,デニム,PEAK,1533.43,1611.74
地力B,地力B,30,MAX 360,15-360(360),1610,CN・同時押し,PEAK,1448.35,1550.23
地力B,地力B+,31,MAXIMUM CHEAT GIRL,210,1842,乱打・階段,NOTES,1502.39,1574.17
地力B,地力B+,22,Monopole.,201,1729,CN・BSS・縦連・二重トリル,NOTES,1480.58,1571.65
地力B,地力B,20,neu,199,1999,同時押し・階段・終盤難,PEAK,1520.02,1573.00
地力B,地力B+,25,NITROUS CANNON,169,1875,乱打・皿絡み・縦連打・連皿,NOTES,1478.98,1567.70
地力B,地力B,29,One for All,195,1632,BSS・連皿,CHORD,1461.73,1556.18
地力B,地力B,24,OTENAMI Hurricane,215,1643,皿複合,NOTES,1461.12,1545.15
地力B,地力B,20,Proof of the existence,170,1675,ズレ・トリル・ラス殺し,PEAK,1466.45,1533.78
地力B,地力B,19,QUANTUM TELEPORTATION(L),152,1845,乱打,PEAK,1518.42,1578.05
地力B,地力B,19,quaver♪,182-186(182),1745,トリル・乱打・微ソフラン・ラス殺し,NOTES,1523.52,1567.99
地力B,個人差B+,21,ra'am,111-222(111),1461,CN・ソフラン・高速皿複合,PEAK,1493.84,1584.30
地力B,地力B,23,refrain,158,1857,二重階段・ラス殺し,NOTES,1479.07,1534.65
地力B,地力A,18,reunion,184,1677,XX譜面・縦連・局所発狂・トリル・階段・全押し,CHORD,1466.23,1565.02
地力B,地力B,26,ruin of opals,220-390(355),1646,ソフラン・乱打・縦連打・CN・ズレ・ラスト減速,SOF-LAN,1500.81,1558.56
地力B,地力B+,18,Session 9 -Chronicles-,182-189(182),1852,縦連・階段・二重階段・ソフラン,NOTES,1469.02,1552.78
地力B,地力B+,24,Sky High,153,1943,乱打・デニム,NOTES,1505.58,1557.03
地力B,地力B+,25,Slipstream,175,1822,乱打・皿絡み,PEAK,1521.35,1577.56
地力B,地力C,29,Smalt #28598F,151,1725,局所難・二重階段,NOTES,1463.67,1530.36
地力B,地力B,24,Super Rush,190,1791,同時押し,CHORD,1427.56,1498.51
地力B,地力B,27,T-REX vs Velociraptor (In the Far east euphoria),200,1636,CN・二重トリル,NOTES,1445.74,1531.12
地力B,地力B,15,THE DEEP STRIKER(L),173,1778,縦連,CHORD,1461.62,1545.57
地力B,地力B,31,The Last Apocalypse,190,1903,BSS・階段,NOTES,1434.61,1526.97
地力B,地力B+,20,Timepiece phase II,287,1665,軸・縦連,NOTES,1498.88,1570.25
地力B,地力B,29,Triple Cross,196,1667,CN,CHARGE,1441.31,1529.82
地力B,地力B,32,u gotta beat,180,1806,連皿・BSS・二重階段,NOTES,,
地力B,地力B+,15,Ubertreffen(L),174,1655,階段・物量・デニム,NOTES,1490.66,1573.12
地力B,地力B,20,Valanga,186,1647,CN・BSS・二重階段,CHARGE,1426.06,1510.51
地力B,地力B+,31,Vermilion Carol,175,1837,CN・皿同時,NOTES,1484.70,1551.67
地力B,地力B,28,Vitrum,146,1848,CN,NOTES,1500.52,1559.53
地力B,地力B+,23,Welcome(L),170,1701,HCN,CHORD,1484.06,1561.05
地力B,地力B+,23,X,180,1952,デニム,NOTES,1486.94,1564.90
地力B,地力A,26,Xlo,165,1988,乱打・連皿・トリル,NOTES,1495.23,1586.67
地力B,地力B+,25,Xperanza,200,1637,CN,SCRATCH,1356.79,1493.49
地力B,個人差B+,30,24h Endurance Race,184,1743,短CN・トリル,NOTES,1429.81,1546.37
地力B,地力B+,20,ΕΛΠΙΣ(L),175,1852,CN・ズレ,NOTES,1491.39,1550.90
地力B,地力B+,22,少年は空を辿る,140,1729,開幕発狂・縦連打・CN・BSS・軸・終盤発狂,PEAK,1474.77,1553.60
地力B,地力B,25,神謳 -RESONANCE-,180,2047,乱打・二重階段,NOTES,1486.47,1549.35
地力B,地力B,20,たまゆら,180,1407,同時押し・皿複合・終盤難,PEAK,1486.00,1547.22
地力B,地力B+,31,電腦都市,240,1738,同時押し・二重階段,NOTES,1486.81,1571.25
地力B,地力C,24,童話回廊,262,1592,乱打・皿絡み・ラス殺し,NOTES,1430.93,1502.89
地力B,地力B+,21,轟け！恋のビーンボール！！,180,1834,階段・皿複合,NOTES,1453.84,1538.67
地力B,個人差B+,21,廿(L),120-160(120),1731,皿複合,PEAK,1455.77,1562.68
地力B,地力B,30,儚キ戀ノ幻想譚,175,1808,BSS・終盤難,NOTES,1458.24,1521.61
地力B,地力B,16,不沈艦CANDY,188,1682,同時押し・トリル・中盤発狂・ラス殺し,PEAK,1474.55,1534.97
地力B,地力B,24,#MAGiCVLGiRL_TRVP_B3VTZ,100,1753,同時押し・CN・軸・ズレ・ラス殺し,NOTES,1419.74,1492.82
地力B,地力B+,31,未完成ノ蒸氣驅動乙女,170,1538,階段,NOTES,1444.72,1542.06
地力B,地力B+,27,魅惑のYUMMYスイーツ,208,1586,CN,PEAK,1490.04,1575.63
地力B,地力B,20,龍と少女とデコヒーレンス(L),165,1713,CN・乱打・二重階段,NOTES,1487.90,1546.78
地力B,地力B,22,リリーゼと炎龍レーヴァテイン,200,1771,CN・階段・軸,NOTES,1430.13,1520.25
地力B,個人差A+,30,恋愛＝精度×認識力,3-333(177),1756,ソフラン・疑似停止,SOF-LAN,1490.98,1640.43
個人差B,地力B,23,AO-1,195,1443,皿複合,NOTES,1439.44,1524.36
個人差B,個人差C,11,FAKE TIME,200,1231,同時押し・高速トリル・ラス殺し,PEAK,1513.17,1559.38
個人差B,地力A,22,Flashes,180,1691,CN・BSS・皿複合,NOTES,1454.03,1545.73
個人差B,個人差B,22,IMPLANTATION,145,1163,縦連・階段,PEAK,1433.81,1548.31
個人差B,個人差B+,25,Papilio ulysses,180,1498,CN・連皿,CHARGE,1373.03,1516.00
個人差B,個人差A,15,PARANOiA ～HADES～,75-300(300),1395,ソフラン・トリル,SOF-LAN,1556.00,1648.26
個人差B,個人差A,17,Red. by Full Metal Jacket,158,1643,連皿・皿複合,SCRATCH,1378.33,1497.72
個人差B,個人差A+,21,VOX UP,202,1870,皿・軸・トリル・二重トリル・前半難,CHORD,1512.03,1620.93
個人差B,個人差A,18,Watch Out Pt.2,148,1506,連皿・皿複合,SCRATCH,1377.17,1496.93
個人差B,個人差S,16,Y&Co. is dead or alive,145-876(145),1478,ソフラン,SOF-LAN,1544.49,1694.44
個人差B,個人差B,20,アストライアの双皿,173,1632,CN・連続二重縦連,NOTES,1480.06,1563.67
個人差B,地力B+,29,逆月,280,1920,HCN,CHORD,1496.65,1565.85
個人差B,個人差B+,29,雪上断火,105-180(180),1544,連皿・ソフラン,SCRATCH,1355.84,1507.25
個人差B,個人差B+,24,火影,136,1437,連皿,SCRATCH,1296.51,1475.76
個人差B,個人差B,31,摩天楼,172,1309,HCN・HBSS・終盤難,CHARGE,1523.92,1562.70
個人差B,個人差B+,15,ミラージュ・レジデンス(L),144,1676,CN・軸,CHARGE,1497.79,1577.59
地力C,地力B,29,Aftermath,200,1828,HCN・軸,CHARGE,1498.54,1550.56
地力C,地力C,27,AKASHIC BREAK,205,1823,皿絡み,CHORD,1364.46,1486.14
地力C,地力B,30,Always We Trust In You,190,1625,CN・皿複合,NOTES,1382.67,1504.02
地力C,地力B,24,Amazing Mirage(L),153,1684,乱打・皿絡み,CHORD,1421.56,1519.12
地力C,地力C,21,Ancient Scapes,178,1780,乱打・軸・ラス殺し,NOTES,1379.25,1469.43
地力C,地力B+,30,anthracene,168,1744,CN・皿絡み・連打,NOTES,1465.86,1549.23
地力C,地力B,16,Arabian Rave Night(L),180,1888,デニム・同時・階段,NOTES,1404.67,1518.90
地力C,地力B,30,Chaotoxin,180,1705,乱打・連皿,PEAK,1401.54,1501.46
地力C,地力B,22,Cosmic Cat(L),160,1651,CN・同時押し,CHORD,1461.02,1540.51
地力C,地力C,32,COSMIC V3LOCITY,200,1716,CN,NOTES,,
地力C,地力B,21,DARK LEGACY,196,1828,皿絡み・乱打,CHORD,1413.47,1496.88
地力C,地力D,26,dAuntl3ss,166,1775,乱打・ラス殺し,NOTES,1427.04,1498.39
地力C,個人差A,20,DAY DREAM,80-300(80),1075,ソフラン・縦連,SOF-LAN,1481.31,1596.21
地力C,地力C,32,DIVINE JUDGEMENT,190,1416,CN・BSS・二重階段,CHARGE,,
地力C,地力B,17,DOMINION,196,1636,軸・同時押し・中盤発狂,PEAK,1371.31,1487.41
地力C,地力C,26,Dr. Chemical & Killing Machine,165,1700,乱打,NOTES,1472.25,1522.86
地力C,地力B,22,EBONY & IVORY,170,1520,乱打・皿絡み,NOTES,1445.63,1523.30
地力C,地力C,17,Evans,185,1440,皿複合・軸・ラス殺し,NOTES,1414.48,1497.87
地力C,地力C,32,EX-MASSIVE FIGHTER,165,1725,微縦連,CHORD,,
地力C,個人差B,22,FANTASTIC THREE,185,1649,連皿・二重階段,NOTES,1364.00,1491.01
地力C,地力C,27,Friction［!］Function,150,1634,CN・BSS・皿絡み・二重階段,NOTES,1365.90,1469.16
地力C,地力C,24,FUZIN RIZIN,190,1929,皿絡み・乱打,NOTES,1412.31,1497.86
地力C,地力C,31,Ghost Pulse,165,1409,CN・乱打,PEAK,1441.97,1507.22
地力C,地力B+,23,Godspeed,165,1631,HCN・縦連打,NOTES,1407.41,1523.86
地力C,地力C,17,GOLDEN CROSS,150,1765,繰り返し乱打,NOTES,1425.78,1487.07
地力C,地力C,22,Gravigazer,160,1533,BSS,NOTES,1407.83,1487.78
地力C,地力C,32,Here We Go Now,170,1690,CN・BSS・連皿・終盤難,CHORD,,
地力C,地力C,21,Idola,201,1826,デニム,CHORD,1391.95,1471.78
地力C,地力B,28,innocent revolver,310,1990,階段・縦連,NOTES,1429.93,1515.25
地力C,個人差B,22,Invitation from Mr.C,230,1405,CN・BSS,NOTES,1433.92,1543.04
地力C,地力B,23,Konzert V,160,1710,デニム・局所難,PEAK,1401.18,1511.96
地力C,地力C,26,L.F.O,180,1687,軸・ラス殺し,PEAK,1446.44,1518.81
地力C,地力C,21,Last Dance,150,1650,BSS・高速トリル・乱打,PEAK,1455.64,1519.18
地力C,地力C,26,Lethal Weapon,90-180(180),1646,乱打・高速階段・ソフラン,NOTES,1369.45,1478.42
地力C,地力C,29,LIVE DRIVING!! feat. 花たん,190,1947,皿複合,CHORD,1389.42,1489.15
地力C,地力B,26,LOST TECHNOLOGIE,157,1822,乱打・ズレ・CN,NOTES,1475.87,1543.25
地力C,地力B,31,Million Dollar,180,1762,CN・階段,NOTES,1408.19,1502.14
地力C,地力B,22,NEO GENERATOR SEVEN,182,1690,軸・皿複合,CHORD,1402.68,1516.10
地力C,地力C,23,Nightmare before oversleep,190,1500,階段・X譜面,PEAK,1423.06,1491.38
地力C,地力C,19,NNRT,101-202(101),1780,ソフラン・同時押し・乱打,CHORD,1380.40,1467.56
地力C,地力B,29,Push on Beats!～音ゲの国のeX-ストリーマー～,164-172(168),1748,縦連・デニム,NOTES,1371.77,1510.30
地力C,個人差A,12,rage against usual,152,1527,皿複合・中盤発狂・二重階段,PEAK,1460.06,1578.36
地力C,地力D,24,RAIN,159,1657,CN・乱打,NOTES,1429.01,1496.78
地力C,地力D,27,Rave Patroller,175,1705,ラス殺し,PEAK,1444.23,1502.39
地力C,地力C,32,Roar of Chronos,175,1991,CN・BSS,NOTES,,
地力C,地力C,30,RINNE,198,1788,乱打,CHORD,1441.12,1528.34
地力C,地力B,28,rommmo,208,1762,二重トリル・前半難,CHORD,1446.33,1544.44
地力C,地力B,24,SAY BAY,165,1455,CN・BSS・連皿・皿複合・二重階段,SCRATCH,1380.68,1480.60
地力C,地力C,31,Seven Times Four,170,1763,皿絡み,NOTES,,
地力C,地力C,20,Sol Cosine Job 2,190-200(190),1625,乱打・皿複合・ソフラン・BSS,NOTES,1441.80,1532.61
地力C,地力C,28,SOLID STATE SQUAD -RISEN RELIC REMIX-,186,1670,CN,NOTES,1450.56,1526.08
地力C,地力C,22,Sounds Of Summer,175,1513,トリル,CHORD,1417.04,1496.20
地力C,地力D,11,spiral galaxy(L),154,1910,高密度・乱打・トリル・物量・ラス殺し,NOTES,1450.37,1503.68
地力C,地力C,30,Super Freak,200,1754,乱打,NOTES,1347.15,1465.53
地力C,地力C,31,Sword of Vengeance,208,1650,CN・乱打,NOTES,1358.65,1482.80
地力C,地力C,27,TECHNO Style Essentials,154,1453,CN,NOTES,1419.94,1507.93
地力C,地力B,16,THANK YOU FOR PLAYING(L),45-170(170),1534,中盤発狂・乱打,NOTES,1460.38,1552.91
地力C,地力B,26,THE DAY OF JUBILATIONS,181,1757,乱打・CN,NOTES,1433.48,1535.26
地力C,地力C,16,thunder HOUSE NATION Remix(L),128,1954,高密度・同時,CHORD,1428.96,1489.99
地力C,地力C,27,Vinculum stellarum,160,1873,CN・局所発狂,NOTES,1435.59,1510.64
地力C,地力C,28,Viridian,161,1700,乱打,NOTES,1464.12,1525.39
地力C,地力B+,22,We're so Happy (P*Light Remix) IIDX ver.,185,1896,乱打・皿複合,NOTES,1418.84,1511.30
地力C,地力C,19,WONDER WALKER,165,1921,乱打,NOTES,1429.37,1494.33
地力C,地力B,19,yellow head joe(L),187,1596,CN・皿同時,NOTES,1530.75,1578.29
地力C,地力D,27,Ypsilon(L),160,1801,乱打,NOTES,1432.73,1503.48
地力C,地力C,24,イザナミノナゲキ,195,1661,CN・同時押し・階段・ズレ,NOTES,1374.73,1481.33
地力C,地力C,30,Ou Legends,191,1687,CN・BSS,NOTES,1379.88,1484.78
地力C,地力B+,19,子供の落書き帳,280,1395,軸・序盤発狂・トリル,PEAK,1448.30,1547.92
地力C,地力B,21,疾風迅雷,180,1493,乱打・軸・縦連打・終盤難,NOTES,1431.08,1525.73
地力C,地力C,20,シュレーディンガーの猫,187,1717,乱打・階段・皿複合,NOTES,1422.63,1496.93
地力C,地力B,27,深淵に捧ぐレクイエム,175,1537,CN,CHARGE,1459.93,1546.10
地力C,地力C,21,旋律のドグマ～Miserables～,192,2002,乱打,NOTES,1416.25,1491.53
地力C,地力B,22,それは花火のような恋,182,1976,皿複合,NOTES,1404.87,1486.89
地力C,地力C,31,電光,165,1560,CN・BSS・連皿,NOTES,1381.44,1490.26
地力C,地力C,20,トリカゴノ鳳凰,185,1932,CN・微縦連・皿複合,NOTES,1432.73,1505.78
地力C,地力C,22,夏色DIARY - L.E.D.-G STYLE MIX -,190,1590,CN,NOTES,1410.40,1504.92
地力C,地力C,15,華爛漫 -Flowers-(L),160,1597,高密度・同時押し,NOTES,1464.07,1514.70
地力C,地力C,29,禊,160,1631,CN,CHARGE,1361.19,1466.06
地力C,地力C,23,めいさいアイドル☆あいむちゃん♪,160,1717,階段・皿複合,NOTES,1400.58,1482.61
地力C,地力C,26,龍王の霊廟(Mausoleum Of The Primal Dragon)(L),144,2023,CN,CHARGE,1438.80,1510.05
個人差C,個人差C,21,Adularia,180,1449,CN・ラス殺し(二重階段),CHARGE,1382.73,1462.94
個人差C,個人差C,30,B.O.D.Y.,157,1734,MSS,NOTES,1455.42,1523.82
個人差C,個人差A,22,BLUE MIRAGE,170,1606,皿複合,SCRATCH,1469.89,1574.55
個人差C,個人差B,31,GAME ON,105,1386,CN・BSS・連皿,SCRATCH,1317.05,1475.85
個人差C,個人差B+,27,Level 2,150,1488,BSS・連皿,SCRATCH,1381.81,1523.87
個人差C,個人差B+,21,MAD ATTACK(L),140,1396,BSS・MSS・連皿・皿複合・トリル,SCRATCH,,
個人差C,個人差B,18,New Castle Legions,120-180(120),1418,ソフラン・CN,SOF-LAN,1522.12,1590.17
個人差C,個人差B,26,ONIGOROSHI,400,1541,軸・HBSS,NOTES,1437.69,1552.13
個人差C,個人差C,8,PLEASE DON'T GO,135,1251,皿・縦連・局所難・ラス殺し,PEAK,1438.90,1519.58
個人差C,個人差A+,22,Rave*it!! Rave*it!!,282,1656,CN・同時押し特化・多重軸・全押し,CHORD,1424.94,1537.61
個人差C,個人差B,14,Sense 2007,140,1517,縦連・皿複合・局所難・ラス殺し,PEAK,1454.47,1537.71
個人差C,個人差B,24,TOGAKUSHI,152,1343,HCN,CHARGE,1330.01,1449.78
個人差C,地力D,22,ZZ,154,1541,CN・二重階段,NOTES,1400.54,1471.41
個人差C,地力C,28,スーパー戦湯ババンバーン,187,1755,2連皿,NOTES,1439.53,1517.59
個人差C,個人差B,29,ハイテックトキオ(L),165,1657,MSS,NOTES,1411.36,1513.58
個人差C,個人差C,21,海神,159,1629,CN・皿複合,CHARGE,1384.12,1473.25
地力D,地力D,11,AA,154,1834,同時押し・乱打・階段・局所発狂・全体難,NOTES,1365.85,1428.96
地力D,地力C,31,ACT0,185,1534,BSS・軸・トリル,NOTES,1374.07,1493.27
地力D,地力D,18,ALBIDA,185,1530,同時押し・乱打・軸・皿複合,CHORD,1376.36,1466.21
地力D,地力D,22,Beat Radiance(L),192,1809,同時押し,CHORD,1392.76,1463.00
地力D,地力E,28,BIGソムタム,187,1688,CN,CHARGE,1292.73,1397.23
地力D,地力B,31,BLAZING_LAZER,191,1752,BSS・階段・トリル,NOTES,1396.70,1503.71
地力D,地力D,32,Bring The Fire,160,1734,CN,NOTES,,
地力D,地力D,18,Broken,148,1598,乱打・デニム,PEAK,1373.31,1442.07
地力D,地力D,26,Catch Our Fire!,190,1885,乱打・皿絡み,NOTES,1390.07,1482.84
地力D,地力B,31,Dahlia,185,1617,BSS・二重階段,PEAK,1360.58,1489.54
地力D,地力D,27,Double Dribble,210,1683,皿絡み・高速二重トリル,SCRATCH,1311.75,1435.96
地力D,地力D,26,Drastic Dramatic,166,1765,乱打,NOTES,1385.48,1462.31
地力D,地力D,26,DRUNK MONKY,145,1177,軸押し,NOTES,1413.59,1507.30
地力D,地力D,26,EVANESCENT,127-165(161),1845,乱打・CN・ソフラン,NOTES,1399.98,1492.38
地力D,地力C,21,Feel The Beat,175,1830,皿複合,NOTES,1371.07,1456.06
地力D,地力C,29,Fegrix,175,1687,連皿,NOTES,1343.45,1460.71
地力D,地力C,19,fffff,138,1624,二重階段・高速トリル,NOTES,1390.61,1484.98
地力D,地力D,14,FIRE FIRE,150,1405,皿・二重階段・ラス殺し,PEAK,1371.47,1444.59
地力D,地力D,31,frequent,176,1900,乱打,NOTES,1383.24,1474.79
地力D,地力C,20,GAIA,180,1676,乱打・螺旋階段,NOTES,1386.49,1470.17
地力D,地力S+,16,Go Beyond!!,200,1166,中盤発狂・終盤易化,PEAK,1375.36,1526.11
地力D,地力D,23,Highcharge Divolt,200,1421,HCN,NOTES,1294.62,1416.40
地力D,地力C,16,Kung-fu Empire(L),177,1999,高密度・階段,CHORD,1392.88,1481.83
地力D,地力D,27,Matt Silver,146,1707,皿絡み・縦連・繰り返し乱打,NOTES,1393.55,1466.75
地力D,地力C,27,Megalara Garuda,180,1543,CN,PEAK,1357.38,1469.41
地力D,地力C,30,Meissa,124-174(174),1435,CN・乱打,PEAK,1381.76,1492.21
地力D,地力D,30,No Border,150,1895,乱打・後半難,NOTES,1418.88,1487.36
地力D,地力C,30,ONE AND ONLY,174,1639,連皿・デニム・X譜面,PEAK,1323.20,1440.64
地力D,地力D,15,oratio,162,1493,裏軸押し・終盤難,PEAK,1388.89,1473.39
地力D,地力C,31,Out of Control,185,1598,CN・トリル・微縦連,NOTES,1373.56,1497.61
地力D,地力D,28,Parvati,205,1467,トリル・階段・終盤難,PEAK,1340.95,1450.80
地力D,地力D,25,Persephone,155,1539,連皿・二重階段,NOTES,1381.97,1467.01
地力D,個人差C,23,POSSESSION,23-185(185),1521,CN・ソフラン・同時押し,SOF-LAN,1363.31,1454.86
地力D,地力C,21,PUNISHER,180,1812,乱打・デニム,NOTES,1387.23,1477.12
地力D,地力D,25,Rampage,195,1831,同時押し・BSS・乱打・ラス殺し,CHORD,1356.25,1426.86
地力D,地力D,24,Rave Cannon,160,1700,乱打・CN・BSS,NOTES,1327.35,1424.65
地力D,地力C,22,Say YEEEAHH,135,1677,同時押し,CHORD,1380.50,1475.75
地力D,個人差C,12,Scripted Connection⇒ A mix,151,1575,乱打・対称・トリル・縦連,NOTES,1390.27,1487.75
地力D,地力D,12,Scripted Connection⇒ H mix(L),151,1466,縦連・同時・階段・ラス殺し・乱打・皿絡み,PEAK,,
地力D,地力C,29,Silver Bullet,152-172(168),1662,ソフラン,SOF-LAN,1388.21,1492.45
地力D,地力D,17,SOLID STATE SQUAD,155,1819,皿・トリル・軸・中盤発狂,PEAK,1360.76,1450.60
地力D,地力D,22,SpaceLand☆TOYBOX,172,1501,乱打・階段,NOTES,1364.63,1450.05
地力D,地力D,31,Stereo Beasts,160,1881,乱打,NOTES,1439.75,1500.21
地力D,地力D,22,The Least 100sec,200-264(264),1505,二重階段・トリル・ソフラン,NOTES,1359.44,1469.25
地力D,地力D,19,The Sampling Paradise,150,1545,乱打・連皿・CN・BSS,NOTES,1327.16,1404.19
地力D,地力D,19,Thunderbolt,188,1911,乱打,CHORD,1373.30,1453.42
地力D,地力D,22,TIEFSEE,165,1752,乱打,NOTES,1372.24,1447.81
地力D,地力B+,26,Trill auf G,188,1670,乱打・中盤難,NOTES,1410.76,1533.18
地力D,地力D,20,True Blue,164,1898,乱打・ラス殺し,NOTES,1415.27,1472.13
地力D,地力C,24,Umbral(L),138,1566,HCN,CHARGE,1415.56,1500.74
地力D,地力D,5,V,150,1519,デニム・トリル,PEAK,1369.63,1453.52
地力D,地力C,23,紫陽花 -AZISAI-,155,1490,CN・二重階段・終盤難,PEAK,1248.09,1368.36
地力D,地力C,29,天邪鬼,155,1693,BSS・壁,NOTES,1409.79,1481.66
地力D,個人差C,21,ATHER(L),24-192(192),1640,ソフラン・疑似停止・同時押し,CHORD,1084.85,1468.14
地力D,地力E,13,カゴノトリ～弐式～,140,1325,同時押し・乱打・終盤難,PEAK,1370.74,1429.13
地力D,地力D,13,華蝶風雪(L),199,2014,同時押し・軸,CHORD,1412.17,1485.06
地力D,個人差C,30,神のシナリオ,140,1652,HCN・HBSS,CHARGE,1256.27,1411.46
地力D,地力C,30,#CMFLG,155,1748,CN・BSS・乱打,NOTES,1347.24,1446.36
地力D,地力D,24,九尾狐夜行,145,1521,高速トリル,CHORD,1323.88,1443.02
地力D,地力C,20,狂イ咲ケ焔ノ華,206,1860,階段・乱打・終盤発狂,PEAK,1373.08,1475.36
地力D,地力C,19,恋する☆宇宙戦争っ！！,200,1835,階段,NOTES,1359.32,1447.87
地力D,地力C,26,最小三倍完全数,220,1314,高速・XX譜面,NOTES,1387.73,1510.62
地力D,地力C,24,〆,160,1877,BSS・乱打・連皿・皿複合,CHORD,1312.72,1415.87
地力D,地力B,19,聖人の塔,97-194(97),1567,階段・トリル・ソフラン,SOF-LAN,1401.34,1520.98
地力D,地力C,20,即席！脳直★ミュージックシステム,197,1838,皿複合・乱打,NOTES,1377.54,1469.33
地力D,地力C,14,電人、暁に斃れる。,165,1725,乱打・縦連・局所難,NOTES,1375.91,1469.82
地力D,地力D,24,刃図羅,165,1746,乱打・皿絡み,NOTES,1347.76,1433.23
地力D,地力C,22,表裏一体！？怪盗いいんちょの悩み,165,1815,二重階段・皿複合,NOTES,1339.44,1423.99
個人差D,個人差C,24,Caterpillar,170,1561,連皿・縦連,SCRATCH,1330.04,1472.06
個人差D,個人差C,30,dica dica,175,1638,トリル・連皿,NOTES,1297.98,1433.19
個人差D,個人差D,17,eRAseRmOToRpHAntOM,135-270(135),1686,軸・ソフラン・皿・トリル,CHORD,1397.28,1500.95
個人差D,個人差S,14,Fascination MAXX,100-400(100),1313,高速・ソフラン・縦連・同時押し,SOF-LAN,1468.63,1623.95
個人差D,個人差D,28,Fire Beat,157-300(157),1392,ソフラン,NOTES,1329.04,1484.35
個人差D,個人差E,17,mosaic,188,1509,同時押し特化,CHORD,1309.69,1391.19
個人差D,個人差D,8,桜,13-320(300),1123,序盤縦連発狂・ソフラン・同時押し,SOF-LAN,1369.44,1502.19
個人差D,個人差B,28,魔法のかくれんぼ,178-208(178),1454,CN・ソフラン,CHARGE,1438.15,1549.57
個人差D,個人差B,17,ワルツ第17番 ト短調”大犬のワルツ”,230-320(300),1684,ソフラン・縦連・階段,SOF-LAN,1365.30,1478.54
地力E,地力E,24,Apocalypse,165,1814,CN・階段,NOTES,1275.58,1374.27
地力E,地力E,25,Arca,185,1602,階段・縦連打,PEAK,1341.45,1433.67
地力E,地力D,26,Carry Me Away,175,1613,皿複合・乱打,NOTES,1240.13,1351.05
地力E,地力C,6,Colors (radio edit),150,1258,トリル・乱打・終盤発狂,PEAK,1306.20,1439.54
地力E,地力D,13,Concertino in Blue,103-155(140),1311,二重階段・皿複合・ソフラン,SOF-LAN,1304.71,1430.42
地力E,地力E,25,encounter,190,1679,皿絡み・階段・トリル,NOTES,1283.40,1389.57
地力E,地力E,19,F,154,1813,乱打・階段,NOTES,1334.36,1406.62
地力E,地力F,11,gigadelic(H),173,1116,トリル・ラス殺し,PEAK,1306.77,1365.05
地力E,地力F,11,gigadelic,173,1301,トリル・皿・ラス殺し,PEAK,1385.31,1426.31
地力E,地力E,30,glacia,186,1492,CN,NOTES,1272.25,1390.63
地力E,地力E,30,Hat Surprise (Season 2),180,1729,連皿・同時押し,NOTES,1320.17,1424.09
地力E,地力E,21,invoker,195,1624,乱打・軸,NOTES,1267.15,1382.57
地力E,地力C,31,JUSTICE/GUILTY feat. Nana Takahashi & 709sec.,183,1959,皿複合・物量,CHORD,1361.86,1472.18
地力E,地力D,30,KING(L),166,1983,同時押し,CHORD,1323.03,1433.02
地力E,地力E,14,LASER CRUSTER,152,1644,螺旋・階段・皿複合,NOTES,1312.41,1412.92
地力E,地力D,20,Liberation,150,1905,高速トリル・乱打,NOTES,1377.20,1472.36
地力E,地力E,27,LIGHTNING STRIKES,174,1639,CN,NOTES,1300.58,1390.87
地力E,地力E,20,Little Star,183,1635,乱打・階段,NOTES,1310.94,1409.07
地力E,地力E,9,moon_child,130-160(146),1300,階段・同時押し・ラス殺し,PEAK,1348.06,1447.94
地力E,地力E,23,NINJA IS DEAD IIDX ver.,111-222(222),1520,ソフラン・同時押し,NOTES,1241.70,1377.71
地力E,地力D,26,Please Welcome Mr.C,230,1522,ハネリズム・皿複合,CHORD,1289.13,1435.98
地力E,地力E,25,Raspberry Railgun,142,1606,皿絡み・二重階段,NOTES,1244.93,1353.67
地力E,地力E,11,RED ZONE(L),165,1566,乱打,NOTES,1302.70,1407.82
地力E,地力E,31,Sirius,165,1637,CN・BSS,CHORD,1344.67,1452.96
地力E,地力D,24,Summerlights(IIDX Edition),175,1580,乱打・CN,PEAK,1304.79,1421.51
地力E,地力E,24,Sweet Clapper(L),162,1485,CN・同時押し・ラス殺し,CHORD,1302.84,1410.91
地力E,地力E,22,Symmetry,163,1659,対称,NOTES,1278.94,1377.86
地力E,個人差E,31,The Onlyonez,220,1587,CN・皿絡み,CHORD,,
地力E,地力D,19,Todestrieb,185,1733,階段・CN,NOTES,1306.79,1390.77
地力E,地力D,14,VANESSA,185,1228,皿・二重階段,NOTES,1316.71,1414.39
地力E,地力E,24,Venom,190,1624,トリル,CHORD,1257.94,1402.66
地力E,地力E,20,ΕΛΠΙΣ,175,1600,乱打,NOTES,1299.65,1378.03
地力E,地力E,18,黒髪乱れし修羅となりて,150,1745,開幕縦連・トリル・乱打,NOTES,1316.99,1407.37
地力E,個人差B+,32,灼熱 Lost Summer Dayz,168,1453,連皿・CN,SCRATCH,,
地力E,地力D,31,終焔のClaudia,90-185(185),1406,軸,NOTES,1401.13,1494.22
地力E,地力D,15,少年A,90-192(90),1449,ソフラン・階段・皿複合・後半難,PEAK,1380.85,1475.44
地力E,地力F,22,千年ノ理,153,1608,乱打,CHORD,1263.88,1342.07
地力E,地力E,31,《PL|RAYER》,180,1420,CN・トリル,CHORD,1330.08,1427.69
地力E,地力E,22,紅牡丹,181,1445,乱打,NOTES,1260.81,1366.65
個人差E,個人差C,13,DUE TOMORROW,100-400(400),1073,トリル・序盤難・終盤難,PEAK,1418.24,1533.55
個人差E,地力E,14,GRID KNIGHT(L),160,1744,物量・縦連,CHORD,1301.45,1437.28
個人差E,個人差D,15,ICARUS,126-251(176),1301,ソフラン・中盤加速発狂・トリル,SOF-LAN,1265.04,1447.98
個人差E,個人差E,10,Innocent Walls(H),155,1281,縦連・壁,PEAK,1165.80,1390.49
個人差E,個人差D,10,Innocent Walls,155,1446,縦連・壁,PEAK,1264.94,1433.55
個人差E,個人差D,9,one or eight,155,1177,序盤発狂・皿・縦連打,PEAK,1237.45,1413.86
個人差E,個人差E,12,SCREAM SQUAD,220,1073,連皿・皿複合・トリル,PEAK,1281.71,1428.91
個人差E,地力E,24,Steel Edge,177,1604,HCN,CHARGE,1156.41,1293.06
個人差E,個人差D,15,TROOPERS,177,1496,皿複合・同時押し,CHORD,1366.35,1446.73
個人差E,個人差E,10,雪月花,151,1287,乱打・縦連・皿複合・ラス殺し,PEAK,1285.39,1398.53
地力F,地力F,7,A,93-191(93),1260,ソフラン・同時押し・階段,PEAK,1218.00,1344.80
地力F,地力F,27,Primitive Vibes,150,1564,縦連・CN,NOTES,1128.15,1258.38
地力F,地力F,15,Ristaccia,160,1386,同時押し・階段,PEAK,1238.09,1348.88
地力F,地力F,14,snow storm(L),145,1709,二重階段・ラス殺し,NOTES,1299.50,1382.08
地力F,地力F,18,SPECIAL SUMMER CAMPAIGN!,168,1509,同時押し・乱打・デニム,NOTES,1170.56,1281.46
地力F,地力F,31,残像ニ繋ガレタ追憶ノHIDEAWAY,160,1789,乱打,CHORD,1245.01,1370.41
地力F,地力F,32,スパークリング☆彡ハイパーチューン！！,177,1843,皿同時押し・X譜面,CHORD,,
個人差F,個人差E,18,sakura storm,184,1225,CN,NOTES,1202.76,1320.80
